"criterion","weight","A_instant_voice_thread","B_context_plus_voice","C_voice_rescue","scoring_note"
"Capture or recovery-start friction","0.20","5","3","5","A and C can start from one prepared voice control; B begins with source sharing before voice."
"Context fidelity","0.20","4","5","2","B combines source and spoken state; A preserves the spoken state and optional prior source; C reconstructs after context has already decayed."
"AI grounding and user trust","0.15","4","5","2","A and B cite transcript segments and require first-action confirmation; B has stronger source evidence; C has the least evidence."
"Locked-surface feasibility","0.15","3","2","3","A and C can use conditional Lock Screen controls/widgets; B usually starts inside an unlocked source app; every platform requires a physical-device spike."
"Works when offline or AI fails","0.10","5","5","5","All flows commit audio or text locally first and retain deterministic manual recovery."
"Solo-builder feasibility","0.10","3","3","4","A adds lock-screen, microphone, STT, and AI states; B adds source handling; C has the fewest source integrations."
"Android and Galaxy leverage","0.05","5","5","4","A uses keyguard widgets, Side button experiments, foreground microphone service, and Now Bar status; B adds Sharesheet grounding."
"Judge-observable design proof","0.05","5","5","4","A shows voice-to-grounded-action transformation; B adds source provenance; C risks resembling generic AI task breakdown."
"weighted_total","1.00","4.15","3.95","3.45","Analyst score from 1 to 5; not user evidence or a judge score."
