date_or_trigger,hypothesis_or_decision,artifact_to_share,intended_audience,response_or_evidence_to_record,product_change_or_decision,privacy_and_claim_rule,status
2026-08-11,"Native Kotlin and Compose with Play plus conditional Galaxy is the smallest credible route","Architecture decision card showing selected path rejected alternatives and one data-flow diagram","Android builders Shipaton participants and target-user waitlist","Questions about build risk Galaxy access and local-first trust","Record corrections to scope; do not reopen iOS before submission without a hard dependency","Show no keys account identifiers or unverified device claims; label as a decision not an outcome","Planned"
2026-08-13 to 2026-08-16,"A generic quick surface can reduce capture friction without exposing private content","Uncut spike clip from entry to stop to local save plus the tested state matrix","Target users Android accessibility community and Galaxy developers","First-action questions privacy concerns failed states and device-specific differences","Keep only the entry surface that passes; publish the fallback if the lock claim fails","Use scripted content; state locked unlocked device and build; a failed spike is a valid artifact","Planned"
2026-08-14 to 2026-08-18,"One entitlement can behave consistently across the viable store flavors","Redacted purchase restore failure and expiry matrix with one successful on-device trace when available","Mobile subscription builders and Shipaton peers","Configuration defects store differences and restore confusion","Drop Galaxy billing or delay its award if the physical proof fails","Hide App User IDs order data keys tokens and seller-account details","Planned"
2026-08-14 to 2026-08-18,"A bounded cloud path can create an inspectable action without losing negation or leaking content","Synthetic grounding test showing transcript evidence IDs one failure and the deterministic fallback","AI product builders privacy-conscious users and judges following the build","Unsupported statements correction needs latency and cost observations","Change prompt model or scope; remove the cloud claim if the contract fails","Use synthetic text only; report denominator model build date and uncertainty","Planned"
2026-08-19,"A meaningful local-first slice is ready for closed testing","Short install-to-first-local-save build note and known-issues list","Closed testers and BuildInPublic followers","Install failures first actions and tester questions","Fix the earliest broken stage before visual additions","Do not post tester identity content diagnosis or private task details","Planned"
2026-08-21,"The predicted screen hierarchy makes the correct first action obvious","Predicted attention and first-action map labeled hypothesis","Target users and UX practitioners","Which control observers expect to use and why","Revise only after observed study behavior; do not call responses a heatmap","Label all fixation language as predicted; no invented analytics","Planned"
2026-08-24 to 2026-08-28,"Five target users can capture verify and start with accessible fallbacks","Anonymized task results one failure pattern and before-after prototype change","Target segment accessibility practitioners and Shipaton community","Task success timing errors hesitation comprehension and dissenting explanations","Publish the smallest change tied to an observed failure and the rerun status","Consent before sharing; no audio transcript action diagnosis contact or participant image by default","Planned"
After the first completed formative revision,"Direct Trace-back increases evidence understanding without delaying Start","Side-by-side prototype clip of prior and revised evidence interaction with observed first-action summary","Design and UX audience","Evidence-open behavior seeded-issue detection Start time and accessibility objections","Keep revise or use the static connector based on the task evidence","Do not imply eye tracking; report sample and method","Planned"
2026-09-03 or when eligible,"Google Play production access is an external gate not a product result","Process note with nonprivate closed-test milestone and lessons","Solo Android builders","Questions about actual prerequisites and mistakes","Adjust store path and buffer without expanding product scope","Do not publish tester names console identifiers or claim approval before it occurs","Planned"
2026-09-04,"Galaxy entry remains conditional on store purchase and adaptive proof","Galaxy release-candidate readiness card with pass fail unknown rows","Galaxy developers and Shipaton participants","Hardware store and posture issues","Enter or drop Galaxy based on the matrix","A Remote Test Lab result must be labeled remote; do not imply a physical purchase test it cannot prove","Planned"
2026-09-08 or actual first submission,"Early store submission preserves correction time","Submission receipt summary listing what is frozen and what remains unknown","BuildInPublic audience and waitlist","Review feedback and unclear listing claims","Make only compliance correctness privacy and accessibility fixes in the candidate","Do not claim acceptance from submission; show no seller-account details","Planned"
After first store review response,"Review feedback tests the clarity of the build and listing","Redacted review issue root cause fix and lesson","Mobile builders and users waiting for release","Whether the change affects first value or proof","Update build listing or instructions; keep unrelated features frozen","Remove reviewer identity and private console information","Planned"
After enough genuine closed-test events exist,"A1 and A2 separate draft quality from earlier funnel loss","Metric-definition card with numerator denominator sample build date and uncertainty","Product analytics and target-user audience","Interpretations and segment differences not vanity engagement","Repair the earliest failed stage; do not tune growth around a broken core","No task content; no metric without archived provenance; small samples labeled","Planned"
After a verified G2 device clip,"Visible Galaxy continuity makes the product promise more credible","Captioned uncut G2 proof clip linked to the same tagged waitlist","Galaxy users and target segment","Qualified visits matching-scenario completions and technical objections","Keep the acquisition claim only if the artifact attracts the intended user","Show only proven device states and scripted content","Planned"
After a verified start in G3 prototype,"A sanitized Restart Card can be shared without exposing the private recovery","Editable card preview and privacy checklist; sharing remains off by default","Target users and potential recipients","Share discomfort completion recipient landing and verified-start evidence","Proceed to referral research only if sharing produces recipient value without privacy discomfort","No transcript action source time streak health label contact or location","Planned"
2026-09-20,"The frozen product is stronger because several plausible features were cut","Scope-freeze ledger with must ship cut and reason","Solo builders and judges following the process","Questions about trade-offs and missing features","Allow only blocking review data-loss privacy or accessibility fixes","Frame the artifact around decisions and evidence not effort volume","Planned"
2026-09-22,"A prescreener can understand the app and selected awards from the first 1:58","Devpost dry-run storyboard and criterion timestamp map","Fresh reviewers not involved in the build","Misunderstood promise missing proof hidden workflow and dead links","Reorder evidence or drop a conditional criterion; do not add unrelated features","Use placeholder metrics only internally; public rehearsal numbers require provenance","Planned"
2026-09-24 or first accepted listing,"The live listing matches the demonstrated build and is usable in the US","Public store link plus exact tested version and accessibility notes","Target users judges and mobile builders","Install first-value purchase restore and support reports","Fix parity or correctness before promotion","Acceptance install and purchase claims require archived proof","Planned"
2026-09-28,"The final submission tells one evidence-backed product story","Final decision retrospective: problem chosen alternatives rejected failures changes and remaining unknowns","Shipaton audience target users and future maintainers","Questions that reveal unclear claims or missing sources","Correct only blocking submission defects after final entry","Do not reveal judge code secrets participant content or unsourced outcomes","Planned"
