territory,competitor,type,primary_audience_and_promise,onboarding_and_time_to_value,core_loop,pricing_and_paywall_current,retention_mechanism,store_positioning_and_review_themes,strengths,weaknesses_or_risks,missing_product_value_not_just_feature_gap,sources,observed_date,confidence
T2,Otter.ai,direct competitor,"Individuals and teams; record meetings and voice notes, then receive searchable transcripts, summaries, and action items.","Create an account and record, import, or connect a meeting; first transcript follows one recording. Basic limits conversations and history, so professional evaluation reaches the paywall quickly.","Capture meeting -> transcript and summary -> search, edit, share, or assign action items -> accumulate meeting archive.","Basic free with 300 minutes per month and three lifetime imports; Pro $16.99 monthly or $8.33 per user per month billed annually; Business $30 monthly or $19.99 annually.","Searchable history, shared notes, calendar meeting capture, AI chat, and team integrations.","Google Play lists 5M+ downloads and 4.8 stars. Reviews praise time saved and transcription but report plan limits and cases where a mobile recording showed as active yet later had no audio.","Mature capture, search, export, collaboration, multi-language support, and platform integrations.","Reliability failures are catastrophic for irreplaceable input; imports and history are constrained on free; generic meeting outputs still require scope confirmation or artifact-specific editing.","The unmet value is a verified, audience-specific artifact and confirmation trail, not another generic transcript or summary template.","https://otter.ai/pricing | https://play.google.com/store/apps/details?hl=en_US&id=com.aisense.otter",2026-08-09,high
T2,Granola,direct competitor,"Meeting-heavy professionals; bot-free capture that combines user notes with AI summaries and cross-meeting chat.","Install or sign in, record a meeting or call, and receive structured notes after the first session; analyst-estimated time to value is one meeting.","Capture audio plus sparse notes -> AI-enhanced record -> query decisions and actions -> sync to work systems.","Basic free with limited meeting history; Business $14 per user per month; Enterprise $35 per user per month.","Cross-meeting knowledge, templates, folders, integrations, mobile capture, and MCP/API access.","The US App Store shows 5.0 from 11K ratings. Reviews praise note quality and simplicity; others report phone/Watch interruptions, hallucinated meaning, inability to edit raw notes, and weak performance in a car.","Excellent note synthesis, low-friction meeting capture, and strong current user satisfaction.","Professional output can change meaning and still needs human review; field and wearable reliability are weaker than desk use; recording disclosure must be handled explicitly.","The gap is a review-and-confirm workflow that makes uncertainty, original evidence, and recipient approval first-class.","https://www.granola.ai/pricing | https://apps.apple.com/us/app/granola-ai-meeting-notes/id6739429409?see-all=reviews",2026-08-09,high
T2,Voicenotes,direct competitor,"Individuals and small teams; unlimited recording, transcription, searchable memory, and AI-generated meeting or memo outputs.","Record after account creation; first transcript and generated output follow one memo or meeting. The free plan has 100 transcription minutes per week and 30-day history.","Record or import -> transcribe and generate note -> tag, search, ask, export, or integrate -> build personal memory.","Basic free; Pro $9 per user per month; Enterprise $24 per user per month.","Unlimited Pro history, related notes, imports, integrations, and AI querying.","The App Store shows 4.8 from 6.6K ratings. Detailed reviews cite lost long recordings, field stoppage, inconsistent timestamps and exports, difficult organization, and cancellation friction; the developer says recent native builds save locally before processing.","Broad platform reach, low Pro price, unlimited recording, and explicit no-training claims.","Trust collapses when capture is lost; project organization and bulk portability remain weak in reviews; professional field use is less reliable than office use.","The missing value is trustworthy capture state and recoverability before downstream AI features.","https://voicenotes.com/pricing | https://apps.apple.com/us/app/voicenotes-ai-notes-meetings/id6483293628?platform=iphone&see-all=reviews",2026-08-09,high
T2,AudioPen,direct competitor,"People who think aloud; turn rambling speech into polished text in a selected style and language.","Start recording without a credit card; a cleaned note follows one memo. Paid plans unlock 15-minute recordings, uploads, custom styles, and integrations.","Speak -> transcribe and rewrite -> restyle or combine -> copy into the destination app.","Free trial; $33 for three months, $99 for one year, or $159 for two years; no auto-renewing subscription.","Custom styles, cross-platform availability, combined summaries, and system-wide Android voice input.","Google Play shows 3.9 from 233 reviews. Users praise cleanup and background-noise handling but report confusing separation of notes and recordings, forced reauthentication, and prior reliability outages.","Very fast voice-to-polished-text value, simple positioning, and an unusual prepaid pricing model.","It optimizes prose rather than confirmation, provenance, or domain-specific deliverables; the rewritten voice can smooth away important uncertainty.","The gap is not another writing style; it is a traceable transformation whose user can verify what changed before sharing.","https://audiopen.ai/ | https://play.google.com/store/apps/details?hl=en_US&id=com.audiopen.android",2026-08-09,high
T2,Spectora,vertical competitor,"Home inspectors; report writing, scheduling, payments, media, client delivery, and business administration in one system.","Create an account and configure or import a report template; the trial covers two inspections. Meaningful value requires template adaptation and a real inspection, so time to value is longer than a note app.","Schedule inspection -> capture defects and media onsite or at desk -> generate interactive/PDF report -> deliver and collect payment -> reuse templates.","$109 per month or $1,090 per year; two-inspection trial; additional inspectors $99 per month or $999 per year; optional Advanced is $4 per inspection.","Reusable templates, CRM/scheduling, client portal, payments, automation, and business metrics create switching cost.","Software Advice reports 4.9 across 931 reviews. Users praise templates, workflow, support, and polished reports; complaints include fees, generic initial templates, ongoing tweaking, client-navigation clutter, and data-mining trust concerns.","Deep vertical completeness, strong willingness-to-pay evidence, offline writing, unlimited media, and established inspector community.","High price and setup effort; broad business suite; liability and report customization make displacement difficult.","The credible gap is a narrower capture-to-draft or evidence-association job that complements rather than tries to replace the entire inspector operating system.","https://www.spectora.com/pricing/ | https://www.softwareadvice.com/home-inspections/spectora-profile/reviews/",2026-08-09,high
T2,SafetyCulture,adjacent vertical competitor,"Small-to-enterprise operations teams; digitize inspections, issues, training, reports, and operational follow-up.","Choose or create a template, run an inspection, and generate a report. Free supports five active templates and up to ten seats; time to value is one configured inspection.","Template -> field inspection and evidence -> issue/task -> report and analytics -> repeat across sites.","Free for up to ten seats with five active templates; Premium $24 per seat per month annually or $29 monthly; Enterprise custom.","Recurring inspections, tasks, training, analytics, maintenance, integrations, and organization history.","The App Store shows 4.7 from 31K ratings. Positive reviews cite replacing paper and immediate reports; negative reviews cite crashes, photo/video upload and sync problems, inconsistent updates, and weak support during breaking issues.","Powerful free tier, flexible forms, multimedia evidence, reports, and team workflows.","Product breadth increases cognitive and operational load; field reliability problems undermine the core promise; premium cost rises per seat.","The gap is a minimal single-person evidence workflow with recovery semantics, not more enterprise modules.","https://safetyculture.com/pricing/ | https://apps.apple.com/us/app/safetyculture-iauditor/id499999532?see-all=reviews",2026-08-09,high
T3,Cozi,direct competitor,"Families; one shared calendar, lists, recipes, and reminders accessible across devices.","Create a family account, invite members, and add an event or list item; first shared value occurs when a second member sees or changes it.","Add schedule/list -> family sees changes and reminders -> members update or check items -> shared record accumulates.","Free; Gold $39 per family per year; Max $79 per year with AI event import, recipe generation, and meal planning.","Persistent family calendar, shopping lists, reminders, and multi-year household history.","The App Store shows 4.8 from 393K ratings. Users praise simplicity and avoiding double booking; a current review reports future-calendar loading problems and objects to non-dismissible AI placement.","Mass adoption, low household price, simple cross-platform core, and low switching need once the family is onboard.","Shared visibility does not transfer cognitive ownership; one person can remain the planner and data-entry operator.","The missing value is reciprocal ownership and low-effort contribution by the less-engaged member, not another calendar view.","https://www.cozi.com/compare-plans/ | https://apps.apple.com/us/app/cozi-family-organizer/id407108860?platform=iphone&see-all=reviews",2026-08-09,high
T3,Tody,direct competitor,"Singles and households; schedule cleaning by actual need rather than fixed deadlines and optionally share credit.","Set up rooms and tasks, accept suggested intervals, then mark one task complete; setup is meaningful but the first completion is immediate.","See need/dirtiness -> choose task -> complete -> reset need interval -> observe household contribution.","Free with listed App Store purchases: Premium Solo $9.99, Duo $24.99, Family $39.99, and Team $79.99; billing period is not stated on the listing.","Need-based recurrence, visible progress, optional gamification, shared plans, and contribution graphs.","The App Store shows 4.8 from 11K ratings. Reviews report reduced mental load and ADHD usefulness; requests include easier fixed-day setup and bulk completion.","Flexible recurrence, restrained core loop, positive mental-load language, and useful free value.","It focuses on cleaning and still needs task setup; store metadata does not declare supported accessibility features.","The product value gap is shared responsibility for anticipating and choosing work, not simply more chore categories.","https://apps.apple.com/us/app/tody/id595339588 | https://apps.apple.com/us/app/tody/id595339588?platform=iphone&see-all=reviews",2026-08-09,high
T3,Nipto,direct competitor,"Partners, families, and roommates; make chore division visible and motivating through points, weekly competition, and rewards.","Create a household, invite members, configure chores and points, then complete or validate tasks; setup cost precedes group value.","Complete chore -> earn or validate points -> compare weekly score -> receive reward -> reset week.","Free; Premium $1.99 monthly, $12.99 annually, and another listed $17.99 Premium purchase.","Competition, weekly reset, rewards, reminders, family accounts, and contribution visibility.","The App Store shows 4.7 from 839 ratings. Users praise roommate and ADHD motivation; complaints cover buggy notifications, duplicate or missing completions, slow performance, weak tutorials, and setup effort.","Clear recipient value, inexpensive pricing, and a memorable social loop.","Competition can distort partnership; group trust depends on reliable validation and notifications; the administrator still configures the system.","The gap is durable shared ownership after novelty fades, not additional points or badges.","https://apps.apple.com/us/app/nipto-split-chores/id1504877473",2026-08-09,high
T3,Spond,direct competitor,"Sports teams, clubs, and activity groups; free event invitations, RSVPs, reminders, payments, posts, and member administration.","Create a group and event, import or invite members by app, SMS, or email; invitees can respond without installing the app, so first group value is unusually fast.","Create event/request -> members respond or pay -> organizer sees status and reminds nonresponders -> repeat season schedule.","Core app is free; club-level commercial services exist but were not priced in the fetched source.","Recurring events, payments, subgroups, attendance history, posts, and low-friction invitations.","Google Play shows 4.8 from 11.3K reviews and 1M+ downloads. Reviews praise clean, ad-free team logistics; complaints include limited recurring-date rules and mobile/web capability gaps.","Strong incumbent with recipient-side value, no-app response, and very low adoption friction.","Little room for a generic sports-organizer clone; some member data collection and payment operations increase trust duties.","A viable gap must serve a narrower group ritual or decision that Spond does not already make effortless.","https://www.spond.com/ | https://play.google.com/store/apps/details?id=com.spond.spond&hl=en",2026-08-09,high
T3,Caring Village,direct competitor,"Distributed families and professional caregivers; coordinate a loved one's care through tasks, calendar, medications, updates, documents, and role-based participation.","Create a village around one person, invite a care circle, and add an update or task; first value arrives when another person can act without a repeated briefing.","Post care state/task -> invited person reads or volunteers -> update completion and wellness timeline -> family coordinates next action.","Free download with listed Circle $14.99 monthly or $149.99 yearly and Village $24.99 monthly or $249.99 yearly purchases.","High-stakes shared record, medication and appointment tracking, documents, messaging, emotional updates, and switching cost from accumulated care history.","The App Store shows 4.5 from 35 ratings. Reviews praise cross-state coordination; one detailed review says friends and inner-circle roles can see too many private documents and forced the family to revoke access.","Clear high-severity job, recipient value, cross-household coordination, and visible willingness to pay.","Sensitive medical and identity data, permission granularity, AI guidance, and caregiver safety create substantial ethical, security, and store burden.","The missing value is comprehensible least-privilege sharing and dependable handoff, not another all-in-one care dashboard.","https://caringvillage.com/app/ | https://apps.apple.com/us/app/caring-village-caregiver-app/id1093814557?platform=iphone&see-all=reviews",2026-08-09,medium-high
T3,WhatsApp plus calendar,substitute stack,"Existing families and groups; communicate where every member already is, then place schedules in a separate calendar or spreadsheet.","No new group onboarding when chat already exists. An organizer creates an event or message and members respond; first value is immediate.","Post update/event -> members respond in thread -> organizer manually reconciles status, tasks, payments, or calendar.","Typically no incremental app cost for the group; separate calendar, payment, or spreadsheet tools may also be free.","Habit, identity, existing contacts, push notifications, media, and zero switching cost.","WhatsApp events support RSVP, notifications, and pinning, but only one host can edit; new members cannot see earlier events, and events cannot be forwarded to another chat.","Universal reach, accessibility through familiarity, rich communication, and almost no acquisition friction.","Decisions, ownership, files, and history remain distributed; chat volume obscures action; privacy depends on group membership rather than task-level roles.","A challenger must remove organizer reconciliation while preserving no-install recipient value.","https://faq.whatsapp.com/3313983622238973",2026-08-09,high
T4,ArcGIS Field Maps,direct competitor,"GIS-backed field organizations; maps, tasks, spatial forms, location, and offline field collection connected to authoritative ArcGIS data.","An administrator licenses ArcGIS, configures maps/forms in Field Maps Designer, and downloads an area before field use; setup is substantial but field entry can then be guided.","Download assigned map/task -> navigate and capture forms/media/location offline -> sync -> supervisor reviews authoritative data.","Included through ArcGIS user-type licensing; a simple public per-seat price was not present on the fetched overview.","Enterprise GIS integration, task assignment, authoritative maps, offline areas, high-accuracy devices, and organization workflows.","The App Store shows 2.5 from 212 ratings. Reviews report update-related load failures, doubled inspection time, battery drain, crashes, and unrecoverable offline data; current Esri community threads report sync errors and limited diagnostics.","Deep GIS, offline mapping, enterprise integration, high-accuracy capture, and broad industry proof.","Complex setup, expensive ecosystem dependency, opaque sync failure, and update risk; a small entrant cannot reproduce full GIS capability.","The gap is transparent local state, recoverable sync, and a narrow field job that does not require enterprise GIS administration.","https://www.esri.com/en-us/arcgis/products/arcgis-field-maps/overview | https://apps.apple.com/us/app/arcgis-field-maps/id1515671684?platform=iphone&see-all=reviews",2026-08-09,high
T4,Fulcrum,direct competitor,"Field operations and GIS teams; configurable offline forms, geospatial media capture, automation, and enterprise integration.","An administrator creates an app/form, users download it, collect offline, then sync; first value requires a configured workflow and test record.","Receive record or map -> capture structured data/media/location offline -> sync -> automate report or downstream data event.","Professional is shown from $43 per user per month annually and Elite from $39 in the annual view; the page also shows higher monthly figures and requires at least five users. Enterprise is custom.","Reusable forms, GIS layers, assignments, data events, audit history, AI fast fill, and enterprise integrations.","Google Play shows 3.9 from 919 reviews. Users report Android camera/zoom gaps, maps that rarely work, ten-hour sync, lag, and offline behavior that does not match the promise.","Powerful offline forms, media and geospatial capture, logic, conflict prevention, and automation.","Five-user minimum and professional pricing exclude many solo/small users; Android parity and sync trust are weak in reviews.","The gap is a low-administration, Android-first workflow whose offline status and recovery are understandable to a non-GIS operator.","https://www.fulcrumapp.com/pricing/ | https://play.google.com/store/apps/details?id=com.spatialnetworks.fulcrum&hl=en",2026-08-09,high
T4,SafetyCulture,direct competitor,"Inspection and operations teams; flexible templates, issues, evidence, reports, tasks, training, and analytics.","Choose or build a template and complete one inspection; the free tier reduces trial friction.","Template -> inspection and media -> issue/task -> report -> follow-up and analytics.","Free up to ten seats and five templates; Premium $24 per seat per month annually or $29 monthly; Enterprise custom.","Recurring inspections, issue resolution, training, asset maintenance, organization analytics, and integrations.","App Store reviews praise paper replacement but report crashes, black screens, failed photo/video uploads, repeated sync prompts, and production delays.","Broad field workflow, generous free tier, immediate reports, and cross-industry adoption.","Feature density and unreliable media/sync can make the app itself an operational burden.","The gap is a narrow task with locally durable evidence and explicit recovery, not a smaller copy of the suite.","https://safetyculture.com/pricing/ | https://apps.apple.com/us/app/safetyculture-iauditor/id499999532?see-all=reviews",2026-08-09,high
T4,TrueContext,direct competitor,"Enterprise field service organizations; guided mobile workflows, dispatch, offline forms, automated reports, integrations, and compliance.","A buyer configures low-code workflows and team deployment; the sales-led setup means time to value is measured in deployment rather than one consumer session.","Dispatch job -> guided offline field execution -> automated report and data routing -> supervisor or enterprise system follow-up.","Digital starts at $400 per month for the team, billed annually; Intelligent and Elite use custom pricing.","System integrations, audit history, dispatch, compliance, multi-language content, and long-term enterprise processes.","Official positioning emphasizes 99.9% uptime and SOC 2, HIPAA, and CFR Part 11; independent current store-review detail was not recovered in this run.","Serious enterprise reliability, platform breadth, offline support, guided workflows, and compliance.","Sales-led cost, configuration, and enterprise scope are unsuitable for most solo operators or small volunteer teams.","The gap is self-serve deployment for one narrow field process, not enterprise integration breadth.","https://www.truecontext.com/pricing/",2026-08-09,medium-high
T4,GoCanvas,direct competitor,"Growing field teams; replace paper with offline forms, dispatch, photos, reports, and connected workflows.","Configure a form and invite at least three paid users; first value follows a field submission and generated report.","Dispatch -> complete offline form/media -> submit -> report and integrate -> repeat.","Essentials $29, Pro $39, and Max $49 per user per month, billed annually, with a three-user minimum.","Unlimited forms/submissions, dispatch, reports, data sources, integrations, and team workflows.","Official pricing exposes clear field features but this run did not recover a strong current first-party review sample.","Clear tiers, offline access, reports, scheduling, and integrations.","Three-user annual minimum and form-configuration effort; generic forms can reproduce paper without improving the decision workflow.","The gap is decision-focused capture and review rather than another general form builder.","https://www.gocanvas.com/pricing",2026-08-09,medium
T4,Fieldwire,direct competitor,"Construction teams; plans, tasks, punch lists, photos, forms, RFIs, and offline jobsite coordination.","Create a free project, upload plans, and invite the field team; first value can occur with one shared plan or task.","Open plan -> create/assign field task or evidence -> update status -> generate report or project record.","Basic free for five users, three projects, and 100 sheets; Pro $39, Business $64, and Business Plus $89 per user per month billed annually.","Shared plans, tasks, progress evidence, RFIs, submittals, forms, and project history.","Google Play shows 4.3 from 4.85K reviews. Users praise intuitive plans and accountability; complaints include Android/iOS feature parity and measurement calibration risks. Official support documents battery and sync controls.","Strong construction fit, useful free tier, offline plan viewing, and established field adoption.","Highly competitive vertical, measurement stakes, team onboarding, and platform parity make a solo challenger risky.","A gap must target a neglected specialty workflow; a generic field collaboration app has no defensible wedge.","https://www.fieldwire.com/pricing/ | https://play.google.com/store/apps/details?hl=en_US&id=net.fieldwire.app",2026-08-09,high
T5,Finch,direct competitor,"People seeking gentle self-care and motivation; complete small goals to care for a customizable virtual pet.","Choose a pet and initial goals, then complete one small action to energize an adventure; time to first emotional reward is minutes.","Check in -> complete self-care goal -> pet explores and earns rewards -> reflect or connect -> return daily.","Free with optional Finch Plus purchases listed from $5.99 to $69.99 and a $7.99 Guardian Program item; exact SKU periods vary.","Pet attachment, daily adventures, cosmetics, seasonal content, friends, reflections, and community sponsorship.","The App Store shows 4.9 from 737K ratings. Reviews praise no-shame small steps, inclusion, community, and useful free value; another long-term user says friends quit after challenge and growth flattened into checking tasks for currency.","Exceptional emotional safety, immediate reward, community, and proof that gentle framing can retain users.","Large content and cosmetic operation; some users can game completion; the store listing does not declare accessibility features.","The gap is adaptive re-entry at the decision moment after a lapse, not another pet or reward inventory.","https://apps.apple.com/us/app/finch-self-care-pet/id1528595748 | https://apps.apple.com/us/app/finch-self-care-pet/id1528595748?see-all=reviews",2026-08-09,high
T5,Tiimo,direct competitor,"Neurodivergent users and others who benefit from visual structure; brain dump, prioritize, plan, focus, and receive gentle nudges across devices.","Create a profile, brain-dump tasks or build a visual schedule, and start one timer; meaningful value can arrive in the first planned block.","Capture tasks -> arrange visual day -> receive transition cue and focus -> complete or adjust -> review insights.","Free basic mobile plan; seven-day trial only on annual Pro; current App Store purchases range from $7 to $54 depending on SKU and billing path.","Calendar integration, routines, timers, widgets, Watch, profiles, AI planning, courses, and personal insights.","The App Store shows 4.6 from 19K ratings. Reviews value visual planning and time support; complaints include insufficient or inflexible alarms, rigid minute-level plans, Watch logout, sync and widget bugs, and repeated correction effort.","Strong segment focus, expert co-design claims, multi-device coverage, and native widgets/Watch value.","Feature and sync complexity can disrupt the routine it is meant to support; high OS requirements exclude older devices; health framing requires restraint.","The unmet value is resilient deviation and restart when the plan fails, not a denser schedule.","https://apps.apple.com/us/app/tiimo-to-do-list-ai-planner/id1480220328 | https://apps.apple.com/us/app/tiimo-to-do-list-ai-planner/id1480220328?see-all=reviews | https://www.tiimoapp.com/pricing",2026-08-09,high
T5,Structured,direct competitor,"ADHD users, students, and busy professionals; turn tasks, calendar events, and routines into one visual daily timeline.","Capture in Inbox or add a task, place it on the timeline, then work through the visible day; first value is one planned day.","Capture -> time-block -> execute with timer/widget -> complete or use Pro replan -> repeat daily.","Free; current App Store lists monthly purchases at $2.99 and $6.99, annual at $29.99, and lifetime at $99.99, with some duplicate legacy SKUs.","Daily timeline, recurring routines, calendar sync, cross-device cloud, widgets, focus timer, and automated replan.","The App Store shows 4.8 from 164K ratings and declares VoiceOver, Voice Control, Larger Text, dark interface, non-color differentiation, contrast, and Reduced Motion support.","Excellent accessibility disclosure, restrained timeline model, Apple ecosystem coverage, and explicit missed-task replanning.","Core recurring and calendar functions sit in Pro; a daily timeline can still over-structure variable-capacity users; current store page emphasizes Apple devices.","The gap is capacity-aware prioritization and emotionally safe recovery, not another timeline visualization.","https://apps.apple.com/us/app/structured-daily-planner-todo/id1499198946",2026-08-09,high
T5,Habitica,direct competitor,"Gamers and accountability groups; convert tasks and habits into an RPG with rewards, quests, parties, and shared boards.","Create an avatar and tasks, then check one item to earn game progress; social value needs a party or group setup.","Complete real task -> earn XP, gold, and items -> progress avatar/quest or help party -> return for dailies.","Individual app is free with in-app purchases; Group Plans cost $9 per month plus $3 per additional member.","Dailies, damage, quests, parties, guilds, content drops, collections, and social accountability.","App Store reviews praise social gaming and real-time rewards but report crashes, sync lag, novelty/content exhaustion, meaningless currencies, and disappointment when game depth plateaus.","Memorable social loop, open-ended customization, and strong recipient-side accountability.","Content operation is heavy; punishment and game economy can displace the real goal; technical bugs break group trust.","The gap is meaningful progress and lapse repair after novelty, not more quests or collectibles.","https://habitica.com/static/plans | https://apps.apple.com/us/app/habitica-gamified-taskmanager/id994882113?see-all=reviews",2026-08-09,high
T5,Streaks,direct competitor,"Apple users; a simple habit list that uses consecutive-day streaks, Health data, widgets, Watch, and Shortcuts.","Buy once, create up to 24 tasks, and complete or auto-track one; first feedback is immediate.","Perform or log habit -> extend streak and statistics -> receive reminders -> repeat on schedule.","$5.99 one-time purchase with Family Sharing for up to six people.","Visible streaks, Health automation, widgets, Watch, notes, and customizable reminders.","The App Store shows 4.8 from 27K ratings. Reviews praise simplicity and automation; complaints include iCloud state reversing completions, removed widget interaction, inflexible health instances, setup discoverability, and the 24-task limit.","Low price, privacy-light store disclosure, strong native Apple integration, and low content burden.","The core streak model treats interruption as loss; Apple-only positioning and sync correctness constrain reach and trust.","The gap is preserving progress and intent through changing capacity rather than preserving consecutive days.","https://apps.apple.com/us/app/streaks/id963034692 | https://apps.apple.com/us/app/streaks/id963034692?see-all=reviews",2026-08-09,high
T5,Duolingo,substitute and cautionary benchmark,"Language learners; short gamified lessons, streaks, leagues, currencies, and content paths encourage daily return.","Select a language and complete a short placement or first lesson; immediate value and streak progress occur within minutes.","Complete lesson -> earn XP/streak/rewards -> advance path or league -> receive reminders -> repeat daily.","Freemium with paid tiers and in-app currency; exact current US price was not required or verified for this audit.","Large proprietary course library, daily streak, leagues, friends, notifications, seasonal campaigns, and brand community.","A qualitative HCI study using nine years of forum data and 15 interviews found gamification misuse can distract from learning. A 550-day user described completing 42-second lessons to preserve a streak while meaningful learning weakened.","Exceptional content, reach, onboarding, and habit mechanics.","Content and localization are operationally impossible to imitate as a solo entrant; the streak can optimize engagement rather than competence.","The opportunity is goal-relevant evidence of progress and a humane return path, not another course or streak freeze.","https://arxiv.org/pdf/2203.16175.pdf | https://www.androidauthority.com/reasons-give-up-duolingo-streak-3543009/",2026-08-09,medium-high
