id,product,relationship,country_or_storefront,platform,currency,observed_date,free_value,paid_value,monthly_price,annual_price,lifetime_price,trial_or_intro,paywall_or_upgrade_surface,retention_system,evidence_model_works,claim_status,confidence,source_title,source_url
CP01,Structured,Adjacent visual planner,United States,"iOS; Android; web",USD,2026-08-11,"Almost every base feature; no ads; no data sale","AI; recurring tasks; custom notifications; calendar import; colors; icons",6.99,29.99,99.99,"Not stated on fetched page","Settings > Get Structured Pro","Recurring tasks; notifications; cross-platform planner","No public conversion or paid-retention evidence found",observed,high,What is Structured Pro?,https://help.structured.app/en/articles/324674
CP02,Todoist,Established task manager,United States,"iOS; Android; web; desktop",USD,2026-08-11,"Beginner plan; five personal projects; limited Ramble voice sessions","Expanded capacity; unlimited Ramble subject to rate limits; Assist; calendar; reminders; history",7.00,60.00,,"Seven-day Pro trial","Pricing and plan-upgrade surfaces","Recurring tasks; reminders; shared projects; cross-platform history","Large adoption claims do not isolate pricing effectiveness",observed,high,"Todoist plans, pricing, and billing FAQ",https://www.todoist.com/help/articles/todoist-plans-pricing-and-billing-faq-Vq2z0HWL6
CP03,Llama Life,Adjacent one-task focus product,US web pricing,"Web; iOS; Android",USD,2026-08-11,"Seven-day access before selecting a plan","All focus and timeboxing features",6.00,39.00,,"Seven-day trial; no credit card on web","Website trial entry and plan selection","Task timers; chimes; presets; single-task focus","Founder and testimonial claims are not audited conversion or retention",described,high,Llama Life - Find Your Focus,https://llamalife.co/
CP04,Tiimo,Adjacent neuroinclusive visual planner,United States App Store,"iOS; iPadOS; watchOS; Android; macOS; web",USD,2026-08-11,"Basic planner; limited AI chats; one profile","Unlimited AI; advanced scheduling; widgets; cross-device use",,,,"Seven-day trial on annual plan only","In-app or web subscription surface","Visual schedule; widgets; reminders; focus timer; cross-device planner","Store ratings and download claims show adoption, not paid-model effectiveness",observed,medium,"Tiimo FAQ and US App Store listing",https://www.tiimoapp.com/faq
CP05,Unstuck,Close AI task-breakdown substitute,United States web pricing,"Web; claimed mobile access",USD,2026-08-11,"Three task breakdowns per week; basic timer","Unlimited breakdowns; analytics; templates; export; support",9.00,,,"Seven-day trial","Limit boundary and website upgrade","Timers; progress; repeat breakdown","Vendor outcome statistics and testimonials lack disclosed provenance",described,medium,Unstuck - Break Through Task Paralysis,https://www.getunstuckapp.com/
CP06,Coral,Close voice-first AI task manager,United States App Store,iPhone,USD,2026-08-11,"Five voice commands per day; full task and note management; reminders; recurring tasks","Unlimited voice; AI search; daily briefings; weekly reports; priority support",4.99,47.99,,"Seven-day trial","In-app upgrade after free use","Reminders; briefings; reports; streak and milestone features","Too few App Store ratings for an overview; no paid outcomes",observed,high,Coral: Voice AI Task Manager App Store listing,https://apps.apple.com/us/app/coral-voice-ai-task-manager/id6758344216
CP07,WhisperAct,Close voice-to-action substitute,United States web pricing,"iPhone; iPad",USD,2026-08-11,"Two-minute recordings; seven Reminder and seven Calendar syncs monthly; seven memos; offline processing; daily digest","Twenty-minute recordings; unlimited sync and re-analysis; full history; iCloud; widgets; export",2.99,24.99,,"Annual price explicitly described as temporary launch discount","Upgrade at usage boundary","Daily digest; reminders; lock widgets; iCloud continuity","Product Hunt comments and five-star claim do not establish paid retention",described,medium,WhisperAct — Voice Task Planner for iPhone & iPad,https://whisperact.com/
CP08,Finch,Adjacent respectful-return and gamified self-care product,United States,"iOS; Android",USD,2026-08-11,"Core self-care; goals; reflection; social vibes; seasonal events","Customization; faster progress; bonus content; expanded prompts and libraries",9.99,69.99,,"Not established on fetched pages","Menu > Finch Plus banner","Pet care; goals; seasonal events; social vibes","Current packaging is observed; causal retention and conversion are unknown",observed,high,Finch Plus Pricing,https://help.finchcare.com/hc/en-us/articles/38755205001869-Finch-Plus-Pricing
CP09,Focusmate,Adjacent start and accountability product,United States web pricing,Web,USD,2026-08-11,"Three sessions per week; no card","Unlimited sessions",12.00,96.00,,"Free plan; no card","Upgrade after free allowance","Scheduled body-doubling sessions","No public plan-level conversion or paid-retention evidence found",observed,high,Pricing | Focusmate,https://www.focusmate.com/pricing/
